Hostname,Check-Host,Port,IPAddress,CPUCore,RAM,Disk,Check-Host-ip
vm1,vm2,22,192.168.3.132,1,0.953384,21.5,192.168.3.135
vm2,vm1,80,192.168.3.135,1,0.953384,21.5,192.168.3.132
